freq,unit,sector,cofog99,na_item,geo,valor,estado,anyo
A,PC_GDP,S13,GF01,TE,DE,5.6,,2018
A,PC_GDP,S13,GF01,TE,DE,5.6,,2019
A,PC_GDP,S13,GF01,TE,DE,6.0,,2020
A,PC_GDP,S13,GF01,TE,DE,6.0,,2021
A,PC_GDP,S13,GF01,TE,DE,5.8,p,2022
A,PC_GDP,S13,GF01,TE,DE,6.1,p,2023
A,PC_GDP,S13,GF01,TE,DE,6.4,p,2024
A,PC_GDP,S13,GF01,TE,ES,5.6,,2018
A,PC_GDP,S13,GF01,TE,ES,5.4,,2019
A,PC_GDP,S13,GF01,TE,ES,5.8,,2020
A,PC_GDP,S13,GF01,TE,ES,5.7,,2021
A,PC_GDP,S13,GF01,TE,ES,5.7,,2022
A,PC_GDP,S13,GF01,TE,ES,5.6,,2023
A,PC_GDP,S13,GF01,TE,ES,5.8,p,2024
A,PC_GDP,S13,GF01,TE,EU27_2020,5.9,,2018
A,PC_GDP,S13,GF01,TE,EU27_2020,5.7,,2019
A,PC_GDP,S13,GF01,TE,EU27_2020,6.0,,2020
A,PC_GDP,S13,GF01,TE,EU27_2020,5.8,,2021
A,PC_GDP,S13,GF01,TE,EU27_2020,5.8,,2022
A,PC_GDP,S13,GF01,TE,EU27_2020,5.9,,2023
A,PC_GDP,S13,GF01,TE,EU27_2020,6.1,,2024
A,PC_GDP,S13,GF01,TE,FR,6.2,,2018
A,PC_GDP,S13,GF01,TE,FR,6.0,,2019
A,PC_GDP,S13,GF01,TE,FR,6.1,,2020
A,PC_GDP,S13,GF01,TE,FR,6.1,,2021
A,PC_GDP,S13,GF01,TE,FR,6.5,,2022
A,PC_GDP,S13,GF01,TE,FR,6.2,p,2023
A,PC_GDP,S13,GF01,TE,FR,6.2,p,2024
A,PC_GDP,S13,GF01,TE,IT,7.7,,2018
A,PC_GDP,S13,GF01,TE,IT,7.3,,2019
A,PC_GDP,S13,GF01,TE,IT,8.0,,2020
A,PC_GDP,S13,GF01,TE,IT,7.7,,2021
A,PC_GDP,S13,GF01,TE,IT,8.1,,2022
A,PC_GDP,S13,GF01,TE,IT,7.4,,2023
A,PC_GDP,S13,GF01,TE,IT,7.7,,2024
A,PC_GDP,S13,GF01,TE,PT,7.1,,2018
A,PC_GDP,S13,GF01,TE,PT,6.5,,2019
A,PC_GDP,S13,GF01,TE,PT,6.9,,2020
A,PC_GDP,S13,GF01,TE,PT,6.5,,2021
A,PC_GDP,S13,GF01,TE,PT,5.6,,2022
A,PC_GDP,S13,GF01,TE,PT,5.8,,2023
A,PC_GDP,S13,GF01,TE,PT,5.8,p,2024
A,PC_GDP,S13,GF02,TE,DE,1.1,,2018
A,PC_GDP,S13,GF02,TE,DE,1.1,,2019
A,PC_GDP,S13,GF02,TE,DE,1.1,,2020
A,PC_GDP,S13,GF02,TE,DE,1.1,,2021
A,PC_GDP,S13,GF02,TE,DE,1.2,p,2022
A,PC_GDP,S13,GF02,TE,DE,1.2,p,2023
A,PC_GDP,S13,GF02,TE,DE,1.4,p,2024
A,PC_GDP,S13,GF02,TE,ES,0.8,,2018
A,PC_GDP,S13,GF02,TE,ES,0.8,,2019
A,PC_GDP,S13,GF02,TE,ES,0.9,,2020
A,PC_GDP,S13,GF02,TE,ES,0.9,,2021
A,PC_GDP,S13,GF02,TE,ES,1.1,,2022
A,PC_GDP,S13,GF02,TE,ES,0.9,,2023
A,PC_GDP,S13,GF02,TE,ES,0.9,p,2024
A,PC_GDP,S13,GF02,TE,EU27_2020,1.2,,2018
A,PC_GDP,S13,GF02,TE,EU27_2020,1.2,,2019
A,PC_GDP,S13,GF02,TE,EU27_2020,1.3,,2020
A,PC_GDP,S13,GF02,TE,EU27_2020,1.3,,2021
A,PC_GDP,S13,GF02,TE,EU27_2020,1.3,,2022
A,PC_GDP,S13,GF02,TE,EU27_2020,1.3,,2023
A,PC_GDP,S13,GF02,TE,EU27_2020,1.5,,2024
A,PC_GDP,S13,GF02,TE,FR,1.8,,2018
A,PC_GDP,S13,GF02,TE,FR,1.7,,2019
A,PC_GDP,S13,GF02,TE,FR,1.9,,2020
A,PC_GDP,S13,GF02,TE,FR,1.7,,2021
A,PC_GDP,S13,GF02,TE,FR,1.8,,2022
A,PC_GDP,S13,GF02,TE,FR,1.8,p,2023
A,PC_GDP,S13,GF02,TE,FR,1.9,p,2024
A,PC_GDP,S13,GF02,TE,IT,1.2,,2018
A,PC_GDP,S13,GF02,TE,IT,1.3,,2019
A,PC_GDP,S13,GF02,TE,IT,1.4,,2020
A,PC_GDP,S13,GF02,TE,IT,1.4,,2021
A,PC_GDP,S13,GF02,TE,IT,1.2,,2022
A,PC_GDP,S13,GF02,TE,IT,1.2,,2023
A,PC_GDP,S13,GF02,TE,IT,1.3,,2024
A,PC_GDP,S13,GF02,TE,PT,0.9,,2018
A,PC_GDP,S13,GF02,TE,PT,0.8,,2019
A,PC_GDP,S13,GF02,TE,PT,0.8,,2020
A,PC_GDP,S13,GF02,TE,PT,0.8,,2021
A,PC_GDP,S13,GF02,TE,PT,0.8,,2022
A,PC_GDP,S13,GF02,TE,PT,0.8,,2023
A,PC_GDP,S13,GF02,TE,PT,0.9,p,2024
A,PC_GDP,S13,GF03,TE,DE,1.5,,2018
A,PC_GDP,S13,GF03,TE,DE,1.6,,2019
A,PC_GDP,S13,GF03,TE,DE,1.7,,2020
A,PC_GDP,S13,GF03,TE,DE,1.7,,2021
A,PC_GDP,S13,GF03,TE,DE,1.6,p,2022
A,PC_GDP,S13,GF03,TE,DE,1.6,p,2023
A,PC_GDP,S13,GF03,TE,DE,1.6,p,2024
A,PC_GDP,S13,GF03,TE,ES,1.8,,2018
A,PC_GDP,S13,GF03,TE,ES,1.8,,2019
A,PC_GDP,S13,GF03,TE,ES,2.1,,2020
A,PC_GDP,S13,GF03,TE,ES,2.0,,2021
A,PC_GDP,S13,GF03,TE,ES,1.9,,2022
A,PC_GDP,S13,GF03,TE,ES,1.8,,2023
A,PC_GDP,S13,GF03,TE,ES,1.8,p,2024
A,PC_GDP,S13,GF03,TE,EU27_2020,1.7,,2018
A,PC_GDP,S13,GF03,TE,EU27_2020,1.7,,2019
A,PC_GDP,S13,GF03,TE,EU27_2020,1.8,,2020
A,PC_GDP,S13,GF03,TE,EU27_2020,1.7,,2021
A,PC_GDP,S13,GF03,TE,EU27_2020,1.7,,2022
A,PC_GDP,S13,GF03,TE,EU27_2020,1.7,,2023
A,PC_GDP,S13,GF03,TE,EU27_2020,1.7,,2024
A,PC_GDP,S13,GF03,TE,FR,1.6,,2018
A,PC_GDP,S13,GF03,TE,FR,1.7,,2019
A,PC_GDP,S13,GF03,TE,FR,1.8,,2020
A,PC_GDP,S13,GF03,TE,FR,1.7,,2021
A,PC_GDP,S13,GF03,TE,FR,1.7,,2022
A,PC_GDP,S13,GF03,TE,FR,1.7,p,2023
A,PC_GDP,S13,GF03,TE,FR,1.8,p,2024
A,PC_GDP,S13,GF03,TE,IT,1.8,,2018
A,PC_GDP,S13,GF03,TE,IT,1.8,,2019
A,PC_GDP,S13,GF03,TE,IT,2.0,,2020
A,PC_GDP,S13,GF03,TE,IT,1.8,,2021
A,PC_GDP,S13,GF03,TE,IT,1.8,,2022
A,PC_GDP,S13,GF03,TE,IT,1.7,,2023
A,PC_GDP,S13,GF03,TE,IT,1.8,,2024
A,PC_GDP,S13,GF03,TE,PT,1.7,,2018
A,PC_GDP,S13,GF03,TE,PT,1.7,,2019
A,PC_GDP,S13,GF03,TE,PT,1.9,,2020
A,PC_GDP,S13,GF03,TE,PT,1.8,,2021
A,PC_GDP,S13,GF03,TE,PT,1.6,,2022
A,PC_GDP,S13,GF03,TE,PT,1.6,,2023
A,PC_GDP,S13,GF03,TE,PT,1.6,p,2024
A,PC_GDP,S13,GF04,TE,DE,4.5,,2018
A,PC_GDP,S13,GF04,TE,DE,4.6,,2019
A,PC_GDP,S13,GF04,TE,DE,5.9,,2020
A,PC_GDP,S13,GF04,TE,DE,6.5,,2021
A,PC_GDP,S13,GF04,TE,DE,5.6,p,2022
A,PC_GDP,S13,GF04,TE,DE,5.8,p,2023
A,PC_GDP,S13,GF04,TE,DE,5.4,p,2024
A,PC_GDP,S13,GF04,TE,ES,4.3,,2018
A,PC_GDP,S13,GF04,TE,ES,4.2,,2019
A,PC_GDP,S13,GF04,TE,ES,5.8,,2020
A,PC_GDP,S13,GF04,TE,ES,6.4,,2021
A,PC_GDP,S13,GF04,TE,ES,5.6,,2022
A,PC_GDP,S13,GF04,TE,ES,5.0,,2023
A,PC_GDP,S13,GF04,TE,ES,5.1,p,2024
A,PC_GDP,S13,GF04,TE,EU27_2020,4.8,,2018
A,PC_GDP,S13,GF04,TE,EU27_2020,4.7,,2019
A,PC_GDP,S13,GF04,TE,EU27_2020,6.5,,2020
A,PC_GDP,S13,GF04,TE,EU27_2020,6.5,,2021
A,PC_GDP,S13,GF04,TE,EU27_2020,6.0,,2022
A,PC_GDP,S13,GF04,TE,EU27_2020,5.8,,2023
A,PC_GDP,S13,GF04,TE,EU27_2020,5.3,,2024
A,PC_GDP,S13,GF04,TE,FR,6.0,,2018
A,PC_GDP,S13,GF04,TE,FR,5.3,,2019
A,PC_GDP,S13,GF04,TE,FR,7.0,,2020
A,PC_GDP,S13,GF04,TE,FR,7.1,,2021
A,PC_GDP,S13,GF04,TE,FR,6.8,,2022
A,PC_GDP,S13,GF04,TE,FR,6.3,p,2023
A,PC_GDP,S13,GF04,TE,FR,5.7,p,2024
A,PC_GDP,S13,GF04,TE,IT,4.2,,2018
A,PC_GDP,S13,GF04,TE,IT,4.2,,2019
A,PC_GDP,S13,GF04,TE,IT,5.9,,2020
A,PC_GDP,S13,GF04,TE,IT,6.7,,2021
A,PC_GDP,S13,GF04,TE,IT,6.5,,2022
A,PC_GDP,S13,GF04,TE,IT,5.8,,2023
A,PC_GDP,S13,GF04,TE,IT,5.1,,2024
A,PC_GDP,S13,GF04,TE,PT,3.7,,2018
A,PC_GDP,S13,GF04,TE,PT,3.7,,2019
A,PC_GDP,S13,GF04,TE,PT,6.2,,2020
A,PC_GDP,S13,GF04,TE,PT,5.5,,2021
A,PC_GDP,S13,GF04,TE,PT,4.8,,2022
A,PC_GDP,S13,GF04,TE,PT,4.4,,2023
A,PC_GDP,S13,GF04,TE,PT,3.6,p,2024
A,PC_GDP,S13,GF05,TE,DE,0.6,,2018
A,PC_GDP,S13,GF05,TE,DE,0.6,,2019
A,PC_GDP,S13,GF05,TE,DE,0.6,,2020
A,PC_GDP,S13,GF05,TE,DE,0.5,,2021
A,PC_GDP,S13,GF05,TE,DE,0.5,p,2022
A,PC_GDP,S13,GF05,TE,DE,0.5,p,2023
A,PC_GDP,S13,GF05,TE,DE,0.6,p,2024
A,PC_GDP,S13,GF05,TE,ES,0.8,,2018
A,PC_GDP,S13,GF05,TE,ES,0.9,,2019
A,PC_GDP,S13,GF05,TE,ES,1.0,,2020
A,PC_GDP,S13,GF05,TE,ES,0.9,,2021
A,PC_GDP,S13,GF05,TE,ES,1.0,,2022
A,PC_GDP,S13,GF05,TE,ES,1.0,,2023
A,PC_GDP,S13,GF05,TE,ES,1.0,p,2024
A,PC_GDP,S13,GF05,TE,EU27_2020,0.8,,2018
A,PC_GDP,S13,GF05,TE,EU27_2020,0.8,,2019
A,PC_GDP,S13,GF05,TE,EU27_2020,0.8,,2020
A,PC_GDP,S13,GF05,TE,EU27_2020,0.8,,2021
A,PC_GDP,S13,GF05,TE,EU27_2020,0.8,,2022
A,PC_GDP,S13,GF05,TE,EU27_2020,0.8,,2023
A,PC_GDP,S13,GF05,TE,EU27_2020,0.8,,2024
A,PC_GDP,S13,GF05,TE,FR,0.9,,2018
A,PC_GDP,S13,GF05,TE,FR,0.9,,2019
A,PC_GDP,S13,GF05,TE,FR,1.0,,2020
A,PC_GDP,S13,GF05,TE,FR,1.0,,2021
A,PC_GDP,S13,GF05,TE,FR,1.0,,2022
A,PC_GDP,S13,GF05,TE,FR,1.0,p,2023
A,PC_GDP,S13,GF05,TE,FR,1.0,p,2024
A,PC_GDP,S13,GF05,TE,IT,0.9,,2018
A,PC_GDP,S13,GF05,TE,IT,0.9,,2019
A,PC_GDP,S13,GF05,TE,IT,1.0,,2020
A,PC_GDP,S13,GF05,TE,IT,1.0,,2021
A,PC_GDP,S13,GF05,TE,IT,0.9,,2022
A,PC_GDP,S13,GF05,TE,IT,0.9,,2023
A,PC_GDP,S13,GF05,TE,IT,0.9,,2024
A,PC_GDP,S13,GF05,TE,PT,0.6,,2018
A,PC_GDP,S13,GF05,TE,PT,0.6,,2019
A,PC_GDP,S13,GF05,TE,PT,0.7,,2020
A,PC_GDP,S13,GF05,TE,PT,0.8,,2021
A,PC_GDP,S13,GF05,TE,PT,0.7,,2022
A,PC_GDP,S13,GF05,TE,PT,0.7,,2023
A,PC_GDP,S13,GF05,TE,PT,0.7,p,2024
A,PC_GDP,S13,GF06,TE,DE,0.4,,2018
A,PC_GDP,S13,GF06,TE,DE,0.4,,2019
A,PC_GDP,S13,GF06,TE,DE,0.5,,2020
A,PC_GDP,S13,GF06,TE,DE,0.4,,2021
A,PC_GDP,S13,GF06,TE,DE,0.5,p,2022
A,PC_GDP,S13,GF06,TE,DE,0.4,p,2023
A,PC_GDP,S13,GF06,TE,DE,0.5,p,2024
A,PC_GDP,S13,GF06,TE,ES,0.4,,2018
A,PC_GDP,S13,GF06,TE,ES,0.4,,2019
A,PC_GDP,S13,GF06,TE,ES,0.5,,2020
A,PC_GDP,S13,GF06,TE,ES,0.5,,2021
A,PC_GDP,S13,GF06,TE,ES,0.5,,2022
A,PC_GDP,S13,GF06,TE,ES,0.5,,2023
A,PC_GDP,S13,GF06,TE,ES,0.5,p,2024
A,PC_GDP,S13,GF06,TE,EU27_2020,0.6,,2018
A,PC_GDP,S13,GF06,TE,EU27_2020,0.6,,2019
A,PC_GDP,S13,GF06,TE,EU27_2020,0.6,,2020
A,PC_GDP,S13,GF06,TE,EU27_2020,0.8,,2021
A,PC_GDP,S13,GF06,TE,EU27_2020,1.0,,2022
A,PC_GDP,S13,GF06,TE,EU27_2020,1.2,,2023
A,PC_GDP,S13,GF06,TE,EU27_2020,0.7,,2024
A,PC_GDP,S13,GF06,TE,FR,1.1,,2018
A,PC_GDP,S13,GF06,TE,FR,1.1,,2019
A,PC_GDP,S13,GF06,TE,FR,1.1,,2020
A,PC_GDP,S13,GF06,TE,FR,1.2,,2021
A,PC_GDP,S13,GF06,TE,FR,1.2,,2022
A,PC_GDP,S13,GF06,TE,FR,1.3,p,2023
A,PC_GDP,S13,GF06,TE,FR,1.4,p,2024
A,PC_GDP,S13,GF06,TE,IT,0.4,,2018
A,PC_GDP,S13,GF06,TE,IT,0.4,,2019
A,PC_GDP,S13,GF06,TE,IT,0.6,,2020
A,PC_GDP,S13,GF06,TE,IT,2.4,,2021
A,PC_GDP,S13,GF06,TE,IT,3.3,,2022
A,PC_GDP,S13,GF06,TE,IT,4.4,,2023
A,PC_GDP,S13,GF06,TE,IT,0.8,,2024
A,PC_GDP,S13,GF06,TE,PT,0.5,,2018
A,PC_GDP,S13,GF06,TE,PT,0.4,,2019
A,PC_GDP,S13,GF06,TE,PT,0.5,,2020
A,PC_GDP,S13,GF06,TE,PT,0.5,,2021
A,PC_GDP,S13,GF06,TE,PT,0.5,,2022
A,PC_GDP,S13,GF06,TE,PT,0.6,,2023
A,PC_GDP,S13,GF06,TE,PT,0.6,p,2024
A,PC_GDP,S13,GF07,TE,DE,7.0,,2018
A,PC_GDP,S13,GF07,TE,DE,7.2,,2019
A,PC_GDP,S13,GF07,TE,DE,8.3,,2020
A,PC_GDP,S13,GF07,TE,DE,8.5,,2021
A,PC_GDP,S13,GF07,TE,DE,8.3,p,2022
A,PC_GDP,S13,GF07,TE,DE,7.4,p,2023
A,PC_GDP,S13,GF07,TE,DE,7.6,p,2024
A,PC_GDP,S13,GF07,TE,ES,6.0,,2018
A,PC_GDP,S13,GF07,TE,ES,6.1,,2019
A,PC_GDP,S13,GF07,TE,ES,7.6,,2020
A,PC_GDP,S13,GF07,TE,ES,7.2,,2021
A,PC_GDP,S13,GF07,TE,ES,6.8,,2022
A,PC_GDP,S13,GF07,TE,ES,6.6,,2023
A,PC_GDP,S13,GF07,TE,ES,6.5,p,2024
A,PC_GDP,S13,GF07,TE,EU27_2020,6.9,,2018
A,PC_GDP,S13,GF07,TE,EU27_2020,7.0,,2019
A,PC_GDP,S13,GF07,TE,EU27_2020,8.0,,2020
A,PC_GDP,S13,GF07,TE,EU27_2020,8.0,,2021
A,PC_GDP,S13,GF07,TE,EU27_2020,7.6,,2022
A,PC_GDP,S13,GF07,TE,EU27_2020,7.2,,2023
A,PC_GDP,S13,GF07,TE,EU27_2020,7.4,,2024
A,PC_GDP,S13,GF07,TE,FR,8.2,,2018
A,PC_GDP,S13,GF07,TE,FR,8.1,,2019
A,PC_GDP,S13,GF07,TE,FR,9.0,,2020
A,PC_GDP,S13,GF07,TE,FR,9.4,,2021
A,PC_GDP,S13,GF07,TE,FR,9.1,,2022
A,PC_GDP,S13,GF07,TE,FR,8.8,p,2023
A,PC_GDP,S13,GF07,TE,FR,8.9,p,2024
A,PC_GDP,S13,GF07,TE,IT,6.7,,2018
A,PC_GDP,S13,GF07,TE,IT,6.7,,2019
A,PC_GDP,S13,GF07,TE,IT,7.8,,2020
A,PC_GDP,S13,GF07,TE,IT,7.4,,2021
A,PC_GDP,S13,GF07,TE,IT,6.9,,2022
A,PC_GDP,S13,GF07,TE,IT,6.5,,2023
A,PC_GDP,S13,GF07,TE,IT,6.6,,2024
A,PC_GDP,S13,GF07,TE,PT,6.5,,2018
A,PC_GDP,S13,GF07,TE,PT,6.5,,2019
A,PC_GDP,S13,GF07,TE,PT,7.4,,2020
A,PC_GDP,S13,GF07,TE,PT,7.6,,2021
A,PC_GDP,S13,GF07,TE,PT,7.1,,2022
A,PC_GDP,S13,GF07,TE,PT,6.7,,2023
A,PC_GDP,S13,GF07,TE,PT,6.8,p,2024
A,PC_GDP,S13,GF08,TE,DE,1.0,,2018
A,PC_GDP,S13,GF08,TE,DE,1.0,,2019
A,PC_GDP,S13,GF08,TE,DE,1.1,,2020
A,PC_GDP,S13,GF08,TE,DE,1.0,,2021
A,PC_GDP,S13,GF08,TE,DE,1.0,p,2022
A,PC_GDP,S13,GF08,TE,DE,1.0,p,2023
A,PC_GDP,S13,GF08,TE,DE,1.1,p,2024
A,PC_GDP,S13,GF08,TE,ES,1.1,,2018
A,PC_GDP,S13,GF08,TE,ES,1.2,,2019
A,PC_GDP,S13,GF08,TE,ES,1.2,,2020
A,PC_GDP,S13,GF08,TE,ES,1.2,,2021
A,PC_GDP,S13,GF08,TE,ES,1.2,,2022
A,PC_GDP,S13,GF08,TE,ES,1.2,,2023
A,PC_GDP,S13,GF08,TE,ES,1.2,p,2024
A,PC_GDP,S13,GF08,TE,EU27_2020,1.2,,2018
A,PC_GDP,S13,GF08,TE,EU27_2020,1.2,,2019
A,PC_GDP,S13,GF08,TE,EU27_2020,1.2,,2020
A,PC_GDP,S13,GF08,TE,EU27_2020,1.2,,2021
A,PC_GDP,S13,GF08,TE,EU27_2020,1.1,,2022
A,PC_GDP,S13,GF08,TE,EU27_2020,1.2,,2023
A,PC_GDP,S13,GF08,TE,EU27_2020,1.2,,2024
A,PC_GDP,S13,GF08,TE,FR,1.4,,2018
A,PC_GDP,S13,GF08,TE,FR,1.5,,2019
A,PC_GDP,S13,GF08,TE,FR,1.5,,2020
A,PC_GDP,S13,GF08,TE,FR,1.4,,2021
A,PC_GDP,S13,GF08,TE,FR,1.4,,2022
A,PC_GDP,S13,GF08,TE,FR,1.5,p,2023
A,PC_GDP,S13,GF08,TE,FR,1.5,p,2024
A,PC_GDP,S13,GF08,TE,IT,0.8,,2018
A,PC_GDP,S13,GF08,TE,IT,0.8,,2019
A,PC_GDP,S13,GF08,TE,IT,0.8,,2020
A,PC_GDP,S13,GF08,TE,IT,0.9,,2021
A,PC_GDP,S13,GF08,TE,IT,0.9,,2022
A,PC_GDP,S13,GF08,TE,IT,0.8,,2023
A,PC_GDP,S13,GF08,TE,IT,0.9,,2024
A,PC_GDP,S13,GF08,TE,PT,0.9,,2018
A,PC_GDP,S13,GF08,TE,PT,0.9,,2019
A,PC_GDP,S13,GF08,TE,PT,0.9,,2020
A,PC_GDP,S13,GF08,TE,PT,1.0,,2021
A,PC_GDP,S13,GF08,TE,PT,0.9,,2022
A,PC_GDP,S13,GF08,TE,PT,0.8,,2023
A,PC_GDP,S13,GF08,TE,PT,0.8,p,2024
A,PC_GDP,S13,GF09,TE,DE,4.2,,2018
A,PC_GDP,S13,GF09,TE,DE,4.3,,2019
A,PC_GDP,S13,GF09,TE,DE,4.6,,2020
A,PC_GDP,S13,GF09,TE,DE,4.4,,2021
A,PC_GDP,S13,GF09,TE,DE,4.4,p,2022
A,PC_GDP,S13,GF09,TE,DE,4.5,p,2023
A,PC_GDP,S13,GF09,TE,DE,4.5,p,2024
A,PC_GDP,S13,GF09,TE,ES,3.9,,2018
A,PC_GDP,S13,GF09,TE,ES,4.0,,2019
A,PC_GDP,S13,GF09,TE,ES,4.6,,2020
A,PC_GDP,S13,GF09,TE,ES,4.5,,2021
A,PC_GDP,S13,GF09,TE,ES,4.3,,2022
A,PC_GDP,S13,GF09,TE,ES,4.2,,2023
A,PC_GDP,S13,GF09,TE,ES,4.1,p,2024
A,PC_GDP,S13,GF09,TE,EU27_2020,4.6,,2018
A,PC_GDP,S13,GF09,TE,EU27_2020,4.7,,2019
A,PC_GDP,S13,GF09,TE,EU27_2020,4.9,,2020
A,PC_GDP,S13,GF09,TE,EU27_2020,4.8,,2021
A,PC_GDP,S13,GF09,TE,EU27_2020,4.6,,2022
A,PC_GDP,S13,GF09,TE,EU27_2020,4.7,,2023
A,PC_GDP,S13,GF09,TE,EU27_2020,4.8,,2024
A,PC_GDP,S13,GF09,TE,FR,5.1,,2018
A,PC_GDP,S13,GF09,TE,FR,5.0,,2019
A,PC_GDP,S13,GF09,TE,FR,5.2,,2020
A,PC_GDP,S13,GF09,TE,FR,5.1,,2021
A,PC_GDP,S13,GF09,TE,FR,5.0,,2022
A,PC_GDP,S13,GF09,TE,FR,5.0,p,2023
A,PC_GDP,S13,GF09,TE,FR,5.1,p,2024
A,PC_GDP,S13,GF09,TE,IT,4.0,,2018
A,PC_GDP,S13,GF09,TE,IT,4.0,,2019
A,PC_GDP,S13,GF09,TE,IT,4.3,,2020
A,PC_GDP,S13,GF09,TE,IT,4.2,,2021
A,PC_GDP,S13,GF09,TE,IT,4.0,,2022
A,PC_GDP,S13,GF09,TE,IT,3.9,,2023
A,PC_GDP,S13,GF09,TE,IT,4.0,,2024
A,PC_GDP,S13,GF09,TE,PT,4.4,,2018
A,PC_GDP,S13,GF09,TE,PT,4.5,,2019
A,PC_GDP,S13,GF09,TE,PT,4.7,,2020
A,PC_GDP,S13,GF09,TE,PT,4.7,,2021
A,PC_GDP,S13,GF09,TE,PT,4.4,,2022
A,PC_GDP,S13,GF09,TE,PT,4.3,,2023
A,PC_GDP,S13,GF09,TE,PT,4.3,p,2024
A,PC_GDP,S13,GF10,TE,DE,18.9,,2018
A,PC_GDP,S13,GF10,TE,DE,19.2,,2019
A,PC_GDP,S13,GF10,TE,DE,21.4,,2020
A,PC_GDP,S13,GF10,TE,DE,20.5,,2021
A,PC_GDP,S13,GF10,TE,DE,19.8,p,2022
A,PC_GDP,S13,GF10,TE,DE,19.5,p,2023
A,PC_GDP,S13,GF10,TE,DE,20.4,p,2024
A,PC_GDP,S13,GF10,TE,ES,16.8,,2018
A,PC_GDP,S13,GF10,TE,ES,17.3,,2019
A,PC_GDP,S13,GF10,TE,ES,21.9,,2020
A,PC_GDP,S13,GF10,TE,ES,20.1,,2021
A,PC_GDP,S13,GF10,TE,ES,18.3,,2022
A,PC_GDP,S13,GF10,TE,ES,18.5,,2023
A,PC_GDP,S13,GF10,TE,ES,18.7,p,2024
A,PC_GDP,S13,GF10,TE,EU27_2020,19.1,,2018
A,PC_GDP,S13,GF10,TE,EU27_2020,19.2,,2019
A,PC_GDP,S13,GF10,TE,EU27_2020,21.8,,2020
A,PC_GDP,S13,GF10,TE,EU27_2020,20.2,,2021
A,PC_GDP,S13,GF10,TE,EU27_2020,19.3,,2022
A,PC_GDP,S13,GF10,TE,EU27_2020,19.2,,2023
A,PC_GDP,S13,GF10,TE,EU27_2020,19.6,,2024
A,PC_GDP,S13,GF10,TE,FR,24.0,,2018
A,PC_GDP,S13,GF10,TE,FR,23.9,,2019
A,PC_GDP,S13,GF10,TE,FR,27.2,,2020
A,PC_GDP,S13,GF10,TE,FR,24.8,,2021
A,PC_GDP,S13,GF10,TE,FR,23.8,,2022
A,PC_GDP,S13,GF10,TE,FR,23.3,p,2023
A,PC_GDP,S13,GF10,TE,FR,23.7,p,2024
A,PC_GDP,S13,GF10,TE,IT,20.6,,2018
A,PC_GDP,S13,GF10,TE,IT,21.0,,2019
A,PC_GDP,S13,GF10,TE,IT,25.0,,2020
A,PC_GDP,S13,GF10,TE,IT,22.6,,2021
A,PC_GDP,S13,GF10,TE,IT,21.4,,2022
A,PC_GDP,S13,GF10,TE,IT,21.0,,2023
A,PC_GDP,S13,GF10,TE,IT,21.3,,2024
A,PC_GDP,S13,GF10,TE,PT,17.0,,2018
A,PC_GDP,S13,GF10,TE,PT,16.9,,2019
A,PC_GDP,S13,GF10,TE,PT,19.0,,2020
A,PC_GDP,S13,GF10,TE,PT,18.1,,2021
A,PC_GDP,S13,GF10,TE,PT,17.5,,2022
A,PC_GDP,S13,GF10,TE,PT,16.4,,2023
A,PC_GDP,S13,GF10,TE,PT,17.1,p,2024
A,PC_GDP,S13,TOTAL,TE,DE,44.7,,2018
A,PC_GDP,S13,TOTAL,TE,DE,45.5,,2019
A,PC_GDP,S13,TOTAL,TE,DE,51.1,,2020
A,PC_GDP,S13,TOTAL,TE,DE,50.7,,2021
A,PC_GDP,S13,TOTAL,TE,DE,48.6,p,2022
A,PC_GDP,S13,TOTAL,TE,DE,48.1,p,2023
A,PC_GDP,S13,TOTAL,TE,DE,49.4,p,2024
A,PC_GDP,S13,TOTAL,TE,ES,41.5,,2018
A,PC_GDP,S13,TOTAL,TE,ES,42.0,,2019
A,PC_GDP,S13,TOTAL,TE,ES,51.4,,2020
A,PC_GDP,S13,TOTAL,TE,ES,49.5,,2021
A,PC_GDP,S13,TOTAL,TE,ES,46.3,,2022
A,PC_GDP,S13,TOTAL,TE,ES,45.4,,2023
A,PC_GDP,S13,TOTAL,TE,ES,45.5,p,2024
A,PC_GDP,S13,TOTAL,TE,EU27_2020,46.7,,2018
A,PC_GDP,S13,TOTAL,TE,EU27_2020,46.6,,2019
A,PC_GDP,S13,TOTAL,TE,EU27_2020,52.9,,2020
A,PC_GDP,S13,TOTAL,TE,EU27_2020,51.2,,2021
A,PC_GDP,S13,TOTAL,TE,EU27_2020,49.2,,2022
A,PC_GDP,S13,TOTAL,TE,EU27_2020,48.9,,2023
A,PC_GDP,S13,TOTAL,TE,EU27_2020,49.1,,2024
A,PC_GDP,S13,TOTAL,TE,FR,56.4,,2018
A,PC_GDP,S13,TOTAL,TE,FR,55.3,,2019
A,PC_GDP,S13,TOTAL,TE,FR,61.7,,2020
A,PC_GDP,S13,TOTAL,TE,FR,59.5,,2021
A,PC_GDP,S13,TOTAL,TE,FR,58.4,,2022
A,PC_GDP,S13,TOTAL,TE,FR,56.9,p,2023
A,PC_GDP,S13,TOTAL,TE,FR,57.3,p,2024
A,PC_GDP,S13,TOTAL,TE,IT,48.3,,2018
A,PC_GDP,S13,TOTAL,TE,IT,48.4,,2019
A,PC_GDP,S13,TOTAL,TE,IT,56.8,,2020
A,PC_GDP,S13,TOTAL,TE,IT,56.0,,2021
A,PC_GDP,S13,TOTAL,TE,IT,54.9,,2022
A,PC_GDP,S13,TOTAL,TE,IT,53.6,,2023
A,PC_GDP,S13,TOTAL,TE,IT,50.4,,2024
A,PC_GDP,S13,TOTAL,TE,PT,43.3,,2018
A,PC_GDP,S13,TOTAL,TE,PT,42.5,,2019
A,PC_GDP,S13,TOTAL,TE,PT,49.1,,2020
A,PC_GDP,S13,TOTAL,TE,PT,47.3,,2021
A,PC_GDP,S13,TOTAL,TE,PT,43.9,,2022
A,PC_GDP,S13,TOTAL,TE,PT,42.0,,2023
A,PC_GDP,S13,TOTAL,TE,PT,42.4,p,2024
