fichero,indicador,organismo,dataset,url_exacta,cobertura,geografia,fecha_descarga,notas
eurostat_hicp.csv,"IPC armonizado, índice medio anual (base 2015 = 100)",Eurostat (Oficina Estadística de la Unión Europea),prc_hicp_aind,https://ec.europa.eu/eurostat/api/dissemination/statistics/1.0/data/prc_hicp_aind?format=JSON&lang=EN&unit=INX_A_AVG&coicop=CP00&geo=EU27_2020&geo=ES&geo=DE&geo=FR&geo=IT&geo=PT&geo=NL&geo=PL&geo=EL&geo=IE&geo=BE&geo=AT&geo=SE&time=2018&time=2019&time=2020&time=2021&time=2022&time=2023&time=2024&time=2025,2018-2025,EU27_2020 ES DE FR IT PT NL PL EL IE BE AT SE,2026-08-20,"Índice armonizado europeo. No es idéntico al IPC nacional del INE, pero es el único comparable entre países. Se usa solo para deflactar y comparar, nunca mezclado con el IPC del INE."
eurostat_pib_pc_real.csv,"PIB per cápita, volumen encadenado (euros de 2010) por habitante",Eurostat (Oficina Estadística de la Unión Europea),nama_10_pc,https://ec.europa.eu/eurostat/api/dissemination/statistics/1.0/data/nama_10_pc?format=JSON&lang=EN&unit=CLV10_EUR_HAB&na_item=B1GQ&geo=EU27_2020&geo=ES&geo=DE&geo=FR&geo=IT&geo=PT&geo=NL&geo=PL&geo=EL&geo=IE&geo=BE&geo=AT&geo=SE&time=2018&time=2019&time=2020&time=2021&time=2022&time=2023&time=2024,2018-2024,EU27_2020 ES DE FR IT PT NL PL EL IE BE AT SE,2026-08-20,"Medida real. Último año disponible 2024, con estimaciones provisionales en algunos países."
eurostat_salario_neto.csv,Ganancia neta anual de una persona soltera sin hijos con el 100 % del salario medio (euros),Eurostat (Oficina Estadística de la Unión Europea),earn_nt_net,https://ec.europa.eu/eurostat/api/dissemination/statistics/1.0/data/earn_nt_net?format=JSON&lang=EN&currency=EUR&estruct=NET&ecase=P1_NCH_AW100&geo=EU27_2020&geo=ES&geo=DE&geo=FR&geo=IT&geo=PT&geo=NL&geo=PL&geo=EL&geo=IE&geo=BE&geo=AT&geo=SE&time=2018&time=2019&time=2020&time=2021&time=2022&time=2023&time=2024,2018-2024,EU27_2020 ES DE FR IT PT NL PL EL IE BE AT SE,2026-08-20,"Definición armonizada de Eurostat. Es salario NETO, después de impuestos y cotizaciones, de un caso-tipo; no es el salario medio efectivo de cada país. Eurostat marca ruptura de serie ('b') en 2024 para varios países, España incluida."
eurostat_aic_pps.csv,Consumo individual efectivo per cápita en paridad de poder adquisitivo (EU27 = 100),Eurostat (Oficina Estadística de la Unión Europea),prc_ppp_ind,https://ec.europa.eu/eurostat/api/dissemination/statistics/1.0/data/prc_ppp_ind?format=JSON&lang=EN&na_item=VI_PPS_EU27_2020_HAB&ppp_cat=A01&geo=EU27_2020&geo=ES&geo=DE&geo=FR&geo=IT&geo=PT&geo=NL&geo=PL&geo=EL&geo=IE&geo=BE&geo=AT&geo=SE&time=2018&time=2019&time=2020&time=2021&time=2022&time=2023&time=2024,2018-2024,EU27_2020 ES DE FR IT PT NL PL EL IE BE AT SE,2026-08-20,"Indicador que la propia Eurostat recomienda para comparar nivel de vida material entre países, porque corrige diferencias de precios. Es un índice relativo: si España baja, puede ser porque empeora o porque los demás mejoran más deprisa."
eurostat_gov_main_meur.csv,"Ingresos, gastos y saldo de las administraciones públicas (millones de euros)","Eurostat (cuentas de las AAPP, SEC 2010)",gov_10a_main,https://ec.europa.eu/eurostat/api/dissemination/statistics/1.0/data/gov_10a_main?format=JSON&lang=EN&sector=S13&unit=MIO_EUR&na_item=TR&na_item=TE&na_item=B9&na_item=D2REC&na_item=D5REC&na_item=D61REC&na_item=D62PAY&na_item=D3PAY&geo=EU27_2020&geo=ES&geo=DE&geo=FR&geo=IT&geo=PT&time=2018&time=2019&time=2020&time=2021&time=2022&time=2023&time=2024,2018-2024,EU27_2020 ES DE FR IT PT,2026-08-20,"SEC 2010. TR = ingresos totales, TE = gastos totales, B9 = capacidad/necesidad de financiación, D2REC = impuestos sobre producción e importaciones, D5REC = impuestos corrientes sobre renta y patrimonio, D61REC = cotizaciones sociales, D62PAY = prestaciones sociales distintas de transferencias en especie, D3PAY = subvenciones."
eurostat_gov_main_pcgdp.csv,"Ingresos, gastos y saldo de las administraciones públicas (% del PIB)","Eurostat (cuentas de las AAPP, SEC 2010)",gov_10a_main,https://ec.europa.eu/eurostat/api/dissemination/statistics/1.0/data/gov_10a_main?format=JSON&lang=EN&sector=S13&unit=PC_GDP&na_item=TR&na_item=TE&na_item=B9&na_item=D2REC&na_item=D5REC&na_item=D61REC&na_item=D62PAY&geo=EU27_2020&geo=ES&geo=DE&geo=FR&geo=IT&geo=PT&time=2018&time=2019&time=2020&time=2021&time=2022&time=2023&time=2024,2018-2024,EU27_2020 ES DE FR IT PT,2026-08-20,"Mismo concepto que el anterior, expresado sobre el PIB. Es la medida habitual de presión fiscal y de peso del gasto público."
eurostat_gov_cofog_meur.csv,Gasto público por función COFOG (millones de euros),"Eurostat (cuentas de las AAPP, SEC 2010)",gov_10a_exp,https://ec.europa.eu/eurostat/api/dissemination/statistics/1.0/data/gov_10a_exp?format=JSON&lang=EN&sector=S13&unit=MIO_EUR&na_item=TE&cofog99=GF01&cofog99=GF02&cofog99=GF03&cofog99=GF04&cofog99=GF05&cofog99=GF06&cofog99=GF07&cofog99=GF08&cofog99=GF09&cofog99=GF10&cofog99=TOTAL&geo=EU27_2020&geo=ES&geo=DE&geo=FR&geo=IT&geo=PT&time=2018&time=2019&time=2020&time=2021&time=2022&time=2023&time=2024,2018-2024,EU27_2020 ES DE FR IT PT,2026-08-20,"Clasificación funcional del gasto público. 'Protección social' incluye pensiones, desempleo, familia, exclusión social y vivienda social: no es solo 'ayudas'."
eurostat_gov_cofog_pcgdp.csv,Gasto público por función COFOG (% del PIB),"Eurostat (cuentas de las AAPP, SEC 2010)",gov_10a_exp,https://ec.europa.eu/eurostat/api/dissemination/statistics/1.0/data/gov_10a_exp?format=JSON&lang=EN&sector=S13&unit=PC_GDP&na_item=TE&cofog99=GF01&cofog99=GF02&cofog99=GF03&cofog99=GF04&cofog99=GF05&cofog99=GF06&cofog99=GF07&cofog99=GF08&cofog99=GF09&cofog99=GF10&cofog99=TOTAL&geo=EU27_2020&geo=ES&geo=DE&geo=FR&geo=IT&geo=PT&time=2018&time=2019&time=2020&time=2021&time=2022&time=2023&time=2024,2018-2024,EU27_2020 ES DE FR IT PT,2026-08-20,Permite ver si una función gana o pierde peso relativo con independencia de la inflación.
eurostat_gov_cofog_social_meur.csv,Gasto en protección social por subfunción COFOG (millones de euros),"Eurostat (cuentas de las AAPP, SEC 2010)",gov_10a_exp,https://ec.europa.eu/eurostat/api/dissemination/statistics/1.0/data/gov_10a_exp?format=JSON&lang=EN&sector=S13&unit=MIO_EUR&na_item=TE&cofog99=GF1001&cofog99=GF1002&cofog99=GF1003&cofog99=GF1004&cofog99=GF1005&cofog99=GF1006&cofog99=GF1007&cofog99=GF1008&cofog99=GF1009&geo=EU27_2020&geo=ES&geo=DE&geo=FR&geo=IT&geo=PT&time=2018&time=2019&time=2020&time=2021&time=2022&time=2023&time=2024,2018-2024,EU27_2020 ES DE FR IT PT,2026-08-20,"Desglose de la función 10. GF1002 son las pensiones de jubilación y GF1007 la exclusión social, que es donde se registra el Ingreso Mínimo Vital junto a otras prestaciones: esa cifra NO es el IMV en solitario."
eurostat_gov_deuda.csv,Deuda pública bruta consolidada (% del PIB y millones de euros),"Eurostat (cuentas de las AAPP, SEC 2010)",gov_10dd_edpt1,https://ec.europa.eu/eurostat/api/dissemination/statistics/1.0/data/gov_10dd_edpt1?format=JSON&lang=EN&sector=S13&na_item=GD&unit=PC_GDP&unit=MIO_EUR&geo=EU27_2020&geo=ES&geo=DE&geo=FR&geo=IT&geo=PT&time=2018&time=2019&time=2020&time=2021&time=2022&time=2023&time=2024,2018-2024,EU27_2020 ES DE FR IT PT,2026-08-20,Deuda según el Protocolo de Déficit Excesivo.
imv_nomina_mensual.csv,"Ingreso Mínimo Vital: prestaciones (hogares), beneficiarios, importe bruto de la nómina y cuantía media mensual por hogar","Seguridad Social (Ministerio de Inclusión, Seguridad Social y Migraciones)",Estadística del Ingreso Mínimo Vital · Nóminas (fila TOTAL nacional),https://www.seg-social.es/wps/wcm/connect/wss/c3624e60-3897-4ec5-bb94-d5eeb5206c90/202607_IMV+-+N%C3%B3mina.xlsx?MOD=AJPERES,2024-01 a 2026-07,ES,2026-08-20,"Un XLSX por mes; cada fichero tiene un UUID propio, por lo que el script rastrea las páginas índice anuales en lugar de construir las URL. La url_exacta es la del último mes descargado; el listado completo está en la columna url_origen del propio CSV. Julio de 2024 falta porque el organismo solo lo publicó en PDF, sin XLSX. La serie descargable empieza en enero de 2024: la estadística mensual del IMV solo se publica como fichero desde entonces, aunque la prestación existe desde junio de 2020. No hay ficheros oficiales vivos para 2020-2023 (comprobado: los enlaces anteriores devuelven 404 y datos.gob.es no tiene ningún conjunto de IMV). La columna 'importe bruto acumulado' es la única referencia que llega hasta 2020, porque acumula desde el inicio de la prestación."
imv_anual.csv,Ingreso Mínimo Vital: gasto bruto anual y prestaciones/beneficiarios (media del año y dato de diciembre),"Seguridad Social (Ministerio de Inclusión, Seguridad Social y Migraciones)",Estadística del Ingreso Mínimo Vital · Nóminas (agregado propio por año),https://www.seg-social.es/wps/portal/wss/internet/EstadisticasPresupuestosEstudios/Estadisticas/cbe2fda1-3ac7-4bc8-a5ec-06c178839e11/d1fee385-f3ad-4e58-a129-d8818d93ea4b/ef51a713-7a93-4a5e-a6bb-9e5adf310de6,2024-2026,ES,2026-08-20,"Agregado propio a partir de imv_nomina_mensual.csv: el importe anual es la suma de las nóminas mensuales, no una cifra publicada por el organismo. Los años sin 12 meses quedan marcados con anyo_completo='no'. La serie descargable empieza en enero de 2024: la estadística mensual del IMV solo se publica como fichero desde entonces, aunque la prestación existe desde junio de 2020. No hay ficheros oficiales vivos para 2020-2023 (comprobado: los enlaces anteriores devuelven 404 y datos.gob.es no tiene ningún conjunto de IMV). La columna 'importe bruto acumulado' es la única referencia que llega hasta 2020, porque acumula desde el inicio de la prestación."
sisle_nacional.csv,"Listas de espera del SNS: pacientes en espera estructural, tasa por 1.000 habitantes, tiempo medio de espera en días y porcentaje de esperas largas, para lista quirúrgica y para consultas externas",Ministerio de Sanidad · Sistema de Información sobre Listas de Espera del SNS (SISLE-SNS),"SISLE-SNS, indicadores resumen (RD 605/2003), cortes de 30 de junio y 31 de diciembre",https://www.sanidad.gob.es/estadEstudios/estadisticas/inforRecopilaciones/docs/LISTAS_PUBLICACION_Dic_2025.pdf,2018-2025 (dos cortes al año),ES,2026-08-20,"La fuente original es PDF: el Ministerio de Sanidad no publica el agregado nacional en XLSX, CSV ni API abierta (INCLASNS tiene API pero exige clave). La conversión a CSV es propia y reproducible con scripts/13_listas_espera.py. Las columnas se leen de la cabecera de cada página, no por posición. Cuando dos páginas del mismo informe discrepan, o el valor no cuadra con la serie de contraste tabulada en el informe de diciembre de 2025, la celda se deja vacía y el motivo va en la columna 'aviso'. Para consultas externas no hay número absoluto de pacientes: SISLE-SNS solo publica la tasa por 1.000 habitantes. El porcentaje de espera larga es '>6 meses' en la lista quirúrgica y '>60 días' en consultas: no son comparables entre sí."
