path,bytes,format,visible_years_sample,parse_status,detail
data_raw/bienestar_empleo/arope_europa2030_tipo_hogar.json,18129,json,2018;2019;2020;2021;2022;2023;2024;2025,ok,
data_raw/bienestar_empleo/epa_inactivos_clase_sexo_ccaa_trimestral.json,2755637,json,1903;1906;1926;1927;1932;1942;1949;1977;2009;2018;2019;2020;2021;2022;2023;2024;2025;2034;2036;2041;2043;2049;2052;2053;2061;2065;2071;2082;2083;2084,ok,
data_raw/bienestar_empleo/epa_tasa_actividad_nacionalidad_sexo_ccaa_trimestral.json,1926957,json,2018;2019;2020;2021;2022;2023;2024;2025,ok,
data_raw/bienestar_empleo/epa_tasa_actividad_nacionalidad_sexo_edad_trimestral.json,945884,json,2018;2019;2020;2021;2022;2023;2024;2025,ok,
data_raw/bienestar_empleo/epa_tasa_empleo_nacionalidad_sexo_ccaa_trimestral.json,1935254,json,2018;2019;2020;2021;2022;2023;2024;2025,ok,
data_raw/bienestar_empleo/epa_tasa_paro_nacionalidad_sexo_ccaa_trimestral.json,1932248,json,2018;2019;2020;2021;2022;2023;2024;2025,ok,
data_raw/bienestar_empleo/epa_tasas_actividad_paro_empleo_provincia_sexo_trimestral.json,3039223,json,2018;2019;2020;2021;2022;2023;2024;2025,ok,
data_raw/bienestar_empleo/epf_gasto_medio_hogar_persona_detalle_coicop.json,218058,json,1905;1925;1983;2006;2011;2017;2018;2019;2020;2021;2022;2023;2057;2084,ok,
data_raw/bienestar_empleo/ganancia_media_anual_sexo_tipo_contrato.json,369930,json,2018;2019;2020;2021;2022;2023;2024,ok,
data_raw/bienestar_empleo/hipotecas_plazo_medio.json,35531,json,2018;2019;2020;2021;2022;2023;2024;2025,ok,
data_raw/bienestar_empleo/hipotecas_total_fincas_nacional_provincias.json,11394174,json,1902;1903;1904;1907;1911;1912;1913;1914;1915;1917;1918;1923;1924;1933;1935;1936;1938;1939;1940;1955;1956;1957;1958;1960;1965;1968;1970;1971;1973;1975;1976;1978;1979;1981;1982;1984;1988;1996;1999;2001;2002;2006;2007;2012;2014;2018;2019;2020;2021;2022;2023;2024;2025;2028;2029;2035;2039;2040;2042;2044;2046;2048;2051;2053;2056;2061;2068;2069;2071;2075;2082;2083;2086;2087;2092;2095;2099,ok,
data_raw/bienestar_empleo/ipc_nacional_mensual_grupos.json,919350,json,2018;2019;2020;2021;2022;2023;2024;2025,ok,
data_raw/bienestar_empleo/ipc_tasa_variacion_general_ccaa_mensual.json,1053370,json,2018;2019;2020;2021;2022;2023;2024;2025,ok,
data_raw/bienestar_empleo/ipv_media_anual_ccaa_tipo_vivienda_base2015.json,229501,json,2018;2019;2020;2021;2022;2023;2024;2025,ok,
data_raw/bienestar_empleo/metadata.csv,4267,csv,2011;2015;2018;2020;2021;2023;2024;2025;2026;2030,ok,
data_raw/bienestar_empleo/renta_neta_media_persona_unidad_consumo_ccaa.json,203300,json,2004;2006;2013;2018;2019;2020;2021;2022;2023;2024;2025,ok,
data_raw/bienestar_empleo/salario_medio_por_decil.json,46122,json,1911;1916;1928;2017;2018;2019;2020;2021;2022;2023;2024;2056;2058;2059;2061;2063,ok,
data_raw/bienestar_empleo/vacantes_ccaa_trimestral.json,121860,json,1902;1977;2009;2015;2018;2019;2020;2021;2022;2023;2024;2025;2032;2045;2050;2086,ok,
data_raw/criminalidad/ine_25645_condenados_sexo_edad_nacionalidad.json,602039,json,1907;1919;1945;1956;1957;1959;1995;2005;2009;2013;2018;2019;2020;2021;2022;2023;2024;2025;2027;2037;2053;2071;2092;2093;2097,ok,
data_raw/criminalidad/ine_25698_condenados_sexo_nacionalidad_num_delitos.json,303635,json,1904;1906;1927;1936;1961;1964;1971;1985;2013;2018;2019;2020;2021;2022;2023;2024;2025;2027;2034;2051;2053;2086;2097,ok,
data_raw/criminalidad/ine_25699_condenados_sexo_edad_nacionalidad_num_delitos.json,1103007,json,1901;1904;1905;1906;1907;1908;1912;1916;1922;1925;1926;1928;1929;1934;1935;1936;1941;1942;1944;1950;1953;1959;1962;1964;1968;1969;1971;1972;1974;1977;1978;1979;1980;1981;1982;1985;1986;1987;1988;1991;1995;1996;2000;2002;2004;2005;2009;2012;2013;2015;2016;2018;2019;2020;2021;2022;2023;2024;2025;2026;2027;2029;2030;2032;2035;2043;2047;2051;2053;2058;2059;2063;2066;2068;2071;2076;2078;2083;2084;2085;2086;2088;2090;2093;2095,ok,
data_raw/criminalidad/ine_26014_delitos_nacionalidad.json,1157720,json,1908;1911;1913;1920;1928;1931;1932;1945;1950;1982;1985;1998;2017;2018;2019;2020;2021;2022;2023;2024;2025;2028;2033;2034;2036;2042;2054;2060;2063;2064;2077;2082;2094,ok,
data_raw/criminalidad/ine_28752_delitos_sexuales_nacionalidad.json,64953,json,2018;2019;2020;2021;2022;2023;2024;2025,ok,
data_raw/criminalidad/ine_28857_condenados_delitos_sexuales_sexo_edad_nacionalidad.json,647759,json,1917;1946;1980;2018;2019;2020;2021;2022;2023;2024;2025,ok,
data_raw/criminalidad/ine_56942_poblacion_nacionalidad_agrupacion.json,40652228,json,1902;1903;1904;1905;1906;1907;1908;1909;1910;1911;1912;1913;1914;1915;1916;1917;1918;1919;1920;1921;1922;1923;1924;1925;1926;1927;1928;1929;1930;1931;1932;1933;1934;1935;1936;1937;1938;1939;1940;1941;1942;1943;1944;1945;1946;1947;1948;1949;1950;1951;1952;1953;1954;1955;1956;1957;1958;1959;1960;1961;1962;1963;1965;1968;1969;1971;1975;1976;1983;1987;1992;1996;1997;1999;2006;2007;2009;2012;2014;2018;2019;2020;2021;2022;2023;2024;2025;2027;2029;2030;2031;2033;2036;2037;2039;2041;2042;2043;2045;2046;2054;2056;2057;2058;2059;2063;2064;2067;2069;2074;2076;2084;2085;2087;2090;2097,ok,
data_raw/criminalidad/ine_76641_delitos_nacionalidad_provincia.json,976924,json,1906;1907;1911;1926;1930;1939;1942;1960;1969;2006;2017;2018;2019;2020;2021;2022;2023;2024;2025;2026;2030;2031;2040;2051;2064;2071;2076;2082;2088,ok,
data_raw/criminalidad/metadata.csv,8362,csv,2018;2024;2025,ok,
data_raw/criminalidad/mir_detenciones_investigados_03001.csv,353849,csv,2018;2019;2020;2021;2022;2023;2024,ok,
data_raw/criminalidad/mir_detenciones_investigados_03002.csv,815020,csv,2018;2019;2020;2021;2022;2023;2024,ok,
data_raw/criminalidad/mir_detenciones_investigados_03003.csv,4161752,csv,2018;2019;2020;2021;2022;2023;2024,ok,
data_raw/criminalidad/mir_detenciones_investigados_03004.csv,9979817,csv,2018;2019;2020;2021;2022;2023;2024,ok,
data_raw/criminalidad/mir_detenciones_investigados_03005.csv,1234505,csv,2018;2019;2020;2021;2022;2023;2024,ok,
data_raw/criminalidad/mir_detenciones_investigados_03006.csv,2910521,csv,2018;2019;2020;2021;2022;2023;2024,ok,
data_raw/criminalidad/mir_detenciones_investigados_03007.csv,1121728,csv,2018;2019;2020;2021;2022;2023;2024,ok,
data_raw/criminalidad/mir_detenciones_investigados_03008.csv,2547437,csv,2018;2019;2020;2021;2022;2023;2024,ok,
data_raw/criminalidad/mir_detenciones_investigados_03009.csv,8775937,csv,2018;2019;2020;2021;2022;2023;2024,ok,
data_raw/criminalidad/mir_detenciones_investigados_03010.csv,21112224,csv,2018;2019;2020;2021;2022;2023;2024,ok,
data_raw/criminalidad/mir_hechos_conocidos_01001.csv,390639,csv,2018;2019;2020;2021;2022;2023;2024,ok,
data_raw/criminalidad/mir_hechos_conocidos_01002.csv,857637,csv,2018;2019;2020;2021;2022;2023;2024,ok,
data_raw/criminalidad/mir_hechos_esclarecidos_02001.csv,387871,csv,2018;2019;2020;2021;2022;2023;2024,ok,
data_raw/criminalidad/mir_hechos_esclarecidos_02002.csv,850622,csv,2018;2019;2020;2021;2022;2023;2024,ok,
data_raw/demografia_economia/ine_15073_2018_2025.json,589662,json,1903;1913;1919;1953;1965;1974;1976;1983;1992;2010;2018;2019;2020;2021;2022;2023;2024;2025;2030;2034;2041;2043;2054;2074;2091,ok,
data_raw/demografia_economia/ine_17561_2018_2025.json,30786699,json,1905;1913;1936;1939;1947;1948;1962;1971;1980;2012;2014;2018;2019;2020;2021;2022;2023;2024;2025;2028;2029;2059;2083;2087,ok,
data_raw/demografia_economia/ine_24324_2018_2025.json,5061748,json,1901;1903;1905;1912;1921;1928;1929;1934;1940;1946;1947;1958;1959;1966;1972;1976;1981;1983;1984;1989;2004;2018;2019;2020;2021;2025;2027;2034;2037;2040;2047;2053;2054;2062;2079;2080;2084;2086,ok,
data_raw/demografia_economia/ine_24428_2018_2025.json,8107408,json,1905;1912;1913;1914;1915;1919;1930;1932;1933;1941;1949;1958;1980;1981;1986;1993;2001;2009;2016;2018;2019;2020;2021;2022;2023;2026;2031;2042;2044;2046;2050;2054;2058;2069;2078;2079;2083;2099,ok,
data_raw/demografia_economia/ine_33548_2018_2025.json,15873862,json,1908;1911;1914;1920;1927;1928;1929;1930;1936;1959;1964;1965;1969;1970;1971;1973;1976;1977;1980;1985;1991;1996;1999;2004;2005;2015;2018;2019;2020;2021;2028;2029;2034;2035;2036;2037;2040;2043;2049;2054;2061;2066;2067;2074;2077;2082;2083;2094;2098,ok,
data_raw/demografia_economia/ine_33549_2018_2025.json,15830660,json,1903;1920;1924;1931;1946;1948;1951;1966;1969;1975;1978;1985;1991;1994;1998;2003;2009;2017;2018;2019;2020;2021;2034;2036;2048;2049;2062;2072;2089;2093,ok,
data_raw/demografia_economia/ine_69694_2018_2025.json,7282585,json,1903;1910;1915;1916;1920;1924;1926;1929;1931;1934;1935;1939;1941;1945;1949;1953;1955;1963;1967;1969;1980;1982;1989;1993;1994;1995;2001;2003;2005;2008;2010;2018;2020;2021;2022;2023;2024;2028;2035;2038;2041;2044;2048;2053;2057;2059;2062;2063;2065;2067;2068;2069;2079;2080;2089,ok,
data_raw/demografia_economia/ine_69723_2018_2025.json,2626610,json,1904;1905;1918;1923;1924;1928;1933;1934;1936;1941;1942;1950;1956;1957;1958;1963;1969;1971;1974;1975;1976;1980;1981;1986;1991;1992;1994;1995;2003;2006;2007;2008;2009;2010;2011;2012;2014;2015;2020;2021;2022;2023;2024;2027;2031;2033;2039;2041;2047;2053;2059;2063;2064;2065;2067;2070;2076;2077;2080;2082;2084;2087;2090,ok,
data_raw/demografia_economia/ine_69728_2018_2025.json,529047,json,1972;2020;2021;2022;2023;2024;2072;2092,ok,
data_raw/demografia_economia/ine_70364_2018_2025.json,153395034,json,1907;1909;1914;1915;1921;1935;1938;1946;1947;1950;1967;1970;1981;1986;1990;1991;1997;2000;2001;2004;2010;2011;2015;2016;2017;2018;2019;2020;2021;2022;2023;2024;2025;2039;2042;2045;2050;2052;2053;2059;2077;2082;2090,ok,
data_raw/demografia_economia/ine_76246_2018_2025.json,208730,json,1926;1970;1981;1990;1991;2000;2001;2010;2011;2015;2016;2017;2018;2019;2020;2021;2022;2023;2024,ok,
data_raw/demografia_economia/ine_76843_2018_2025.json,4330983,json,1900;1906;1907;1908;1909;1910;1913;1915;1918;1922;1923;1927;1928;1929;1930;1931;1932;1934;1935;1938;1939;1940;1944;1945;1948;1955;1956;1959;1965;1966;1968;1970;1972;1978;1979;1983;1984;1988;1994;1995;1997;2001;2002;2005;2006;2010;2011;2013;2014;2015;2016;2017;2018;2019;2020;2021;2022;2023;2024;2029;2033;2037;2038;2039;2043;2044;2047;2050;2052;2053;2054;2055;2057;2060;2061;2062;2063;2065;2067;2071;2076;2079;2080;2084;2089;2090,ok,
data_raw/demografia_economia/ine_79274_2018_2025.json,860199,json,1930;1945;1962;1982;2025,ok,
data_raw/demografia_economia/ine_79569_2018_2025.json,25751094,json,1900;1902;1914;1918;1919;1920;1922;1927;1929;1937;1941;1947;1952;1953;1957;1963;1966;1967;1968;1975;1976;1977;1978;1983;1984;1987;1990;1993;1997;1998;2000;2002;2006;2021;2022;2023;2024;2025;2035;2036;2041;2043;2052;2055;2056;2065;2066;2067;2074;2076;2083;2088;2099,ok,
data_raw/demografia_economia/ine_9675_2018_2022.json,12245027,json,1900;1903;1904;1905;1906;1907;1908;1909;1910;1911;1912;1913;1914;1915;1917;1918;1919;1920;1923;1924;1925;1927;1928;1929;1931;1932;1933;1939;1940;1941;1942;1943;1944;1945;1949;1950;1953;1954;1956;1957;1958;1959;1960;1961;1962;1963;1965;1969;1970;1973;1974;1975;1976;1978;1979;1980;1982;1983;1986;1987;1988;1989;1990;1992;1994;1996;1997;1998;1999;2000;2002;2003;2006;2010;2011;2013;2016;2017;2018;2019;2020;2021;2022;2023;2024;2025;2026;2028;2031;2032;2033;2034;2035;2036;2038;2040;2042;2043;2045;2047;2048;2049;2050;2051;2052;2053;2054;2059;2060;2063;2064;2065;2067;2068;2072;2074;2079;2080;2081;2083;2085;2086;2088;2089;2091;2092;2093;2095;2097;2098;2099,ok,
data_raw/demografia_economia/ine_9681_2018_2022.json,17295729,json,1904;1907;1916;1921;1923;1937;1945;1976;1982;1989;1994;2008;2009;2018;2019;2020;2021;2022;2027;2041;2045;2050;2057;2063;2070;2084;2086;2098,ok,
data_raw/demografia_economia/ine_cna_fbc95_24_sheet1_2018_2024.csv,6071,csv,2018;2019;2020;2021;2022;2023;2024,ok,
data_raw/demografia_economia/ine_cna_pib95_24_sheet1_2018_2024.csv,268,csv,2020;2024,ok,
data_raw/demografia_economia/ine_cna_pib95_24_sheet2_2018_2024.csv,5984,csv,2018;2019;2020;2021;2022;2023;2024,ok,
data_raw/demografia_economia/ine_cna_pib95_24_sheet3_2018_2024.csv,8226,csv,2018;2019;2020;2021;2022;2023;2024,ok,
data_raw/demografia_economia/ine_cna_pib95_24_sheet4_2018_2024.csv,7952,csv,2018;2019;2020;2021;2022;2023;2024,ok,
data_raw/demografia_economia/ine_cna_pib95_24_sheet5_2018_2024.csv,6950,csv,2018;2019;2020;2021;2022;2023;2024,ok,
data_raw/demografia_economia/ine_cna_pib95_24_sheet6_2018_2024.csv,7944,csv,2018;2019;2020;2021;2022;2023;2024,ok,
data_raw/demografia_economia/ine_cna_rem_empleo95_24_sheet1_2018_2024.csv,171,csv,2024,ok,
data_raw/demografia_economia/ine_cna_rem_empleo95_24_sheet2_2018_2024.csv,5200,csv,2018;2019;2020;2021;2022;2023;2024,ok,
data_raw/demografia_economia/ine_cna_rem_empleo95_24_sheet3_2018_2024.csv,3734,csv,1940;1990;1999;2003;2018;2019;2020;2021;2022;2023;2024;2038;2052;2060;2091,ok,
data_raw/demografia_economia/ine_cna_rem_empleo95_24_sheet4_2018_2024.csv,3796,csv,1920;1928;1946;1955;1970;1976;2008;2012;2018;2019;2020;2021;2022;2023;2024;2044;2050;2057;2078;2093,ok,
data_raw/demografia_economia/ine_cna_rem_empleo95_24_sheet5_2018_2024.csv,4273,csv,2018;2019;2020;2021;2022;2023;2024,ok,
data_raw/demografia_economia/ine_cna_rem_empleo95_24_sheet6_2018_2024.csv,3666,csv,1949;1968;1997;2001;2018;2019;2020;2021;2022;2023;2024;2037;2059;2067;2085;2088;2098,ok,
data_raw/demografia_economia/ine_cna_rem_empleo95_24_sheet7_2018_2024.csv,1310,csv,2018;2019;2020;2021;2022;2023;2024,ok,
data_raw/demografia_economia/ine_cna_rnd_95_24_sheet1_2018_2024.csv,2817,csv,2018;2019;2020;2021;2022;2023;2024;2059,ok,
data_raw/demografia_economia/ine_contabilidad_regional_tabla_1_2018_2024.csv,22487,csv,2018;2019;2020;2021;2022;2023;2024,ok,
data_raw/demografia_economia/ine_contabilidad_regional_tabla_2_2018_2024.csv,20449,csv,2018;2019;2020;2021;2022;2023;2024,ok,
data_raw/demografia_economia/ine_contabilidad_regional_tabla_3_2018_2024.csv,4204,csv,2010;2017;2018;2019;2020;2021;2022;2023;2024,ok,
data_raw/demografia_economia/ine_contabilidad_regional_tabla_4_2018_2024.csv,23194,csv,1931;1938;1943;1947;1950;1954;1964;1972;1974;2011;2018;2019;2020;2021;2022;2023;2024;2032;2040;2045;2050;2071;2094,ok,
data_raw/demografia_economia/metadata.csv,8485,csv,2018;2020;2021;2022;2024;2025;2026,ok,
