bloque,descripcion,anyo_ini,anyo_fin,valor_ini,valor_fin,unidad,fmt,dec,var_pct,var_abs,pp,fuente,nota,invertir_color
poblacion,Población residente en España,2018,2025,46645070.0,49128297.0,personas,num,0,5.323664430131636,2483227.0,False,"INE, Cifras de Población / Censo anual · tabla 56942 · población a 1 de enero",,False
poblacion,Población nacida en España,2018,2025,40459614.470431,39664087.0,personas,num,0,-1.9662260277156007,-795527.470431,False,"INE · tabla 9675 (2018) y tabla 70364, Censo anual (2025) · 1 de enero",Serie enlazada: 2018 procede de Cifras de Población y 2025 del Censo anual. En el solape (2021-2022) la diferencia entre ambas fuentes es de 40.000 a 103.000 personas.,False
poblacion,Población nacida en el extranjero,2018,2025,6198832.101939,9464210.0,personas,num,0,52.67730831166708,3265377.898061,False,"INE · tabla 9675 (2018) y tabla 70364, Censo anual (2025) · 1 de enero","País de nacimiento, que es la variable correcta para aproximar origen migratorio. Serie enlazada; ver nota anterior.",False
poblacion,Peso de los nacidos en el extranjero sobre el total,2018,2025,13.285551828915365,19.26427451779979,%,num,1,45.00168879603499,5.978722688884426,True,INE · tablas 9675 y 70364,,False
poblacion,Población con nacionalidad española,2018,2025,42067748.0,42216326.0,personas,num,0,0.3531874347065145,148578.0,False,"INE, Cifras de Población / Censo anual · tabla 56942 · población a 1 de enero","Nacionalidad jurídica, no origen: incluye a las personas nacidas fuera que se han nacionalizado.",False
poblacion,Población con nacionalidad extranjera,2018,2025,4577322.0,6911971.0,personas,num,0,51.0046922632928,2334649.0,False,"INE, Cifras de Población / Censo anual · tabla 56942 · población a 1 de enero","Nacionalidad jurídica, no origen.",False
poblacion,Adquisiciones de nacionalidad española (en el año),2018,2025,90774.0,299732.0,personas,num,0,230.1958710644017,208958.0,False,"INE, Adquisiciones de Nacionalidad Española de Residentes · tabla 15073",Acumulado 2018-2025: 1.434.003 personas. Explica por qué la cifra de 'extranjeros' crece menos que la de 'nacidos fuera'.,False
poblacion,Población de 65 y más años,2018,2025,8918454.0,10178625.0,personas,num,0,14.129926554535132,1260171.0,False,"INE, Cifras de Población / Censo anual · tabla 56942 · población a 1 de enero",,False
poblacion,Peso de los mayores de 65 años,2018,2025,19.11982123727116,20.718456819294996,%,num,1,8.36114293217105,1.5986355820238352,True,"INE, Cifras de Población / Censo anual · tabla 56942 · población a 1 de enero",,False
poblacion,Población de 15 a 64 años (edad potencialmente activa),2018,2025,30785600.0,32605609.0,personas,num,0,5.911884127644096,1820009.0,False,"INE, Cifras de Población / Censo anual · tabla 56942 · población a 1 de enero",,False
economia,PIB a precios de mercado (precios corrientes),2018,2024,1212276.0,1594330.0,millones €,num,0,31.51543047952776,382054.0,False,"INE, Contabilidad Nacional Anual, Revisión Estadística 2024 · tabla 1",Euros corrientes: incluye el efecto de la inflación.,False
economia,"PIB real (índice de volumen encadenado, 2020 = 100)",2018,2024,110.124224773494,120.28924329752807,índice,num,2,9.23050177646354,10.165018524034068,False,"INE, Contabilidad Nacional Anual, Revisión Estadística 2024 · tabla 4",Medida real oficial del crecimiento: descuenta los precios.,False
economia,PIB per cápita (precios corrientes),2018,2024,25950.0,32633.0,€,num,0,25.753371868978814,6683.0,False,"INE, Contabilidad Regional de España RE2024 · PIB per cápita, Total Nacional",,False
economia,"PIB real por habitante (índice derivado, 2018 = 100)",2018,2024,100.0,104.44159261697392,índice,num,1,4.441592616973922,4.441592616973921,False,Derivado: índice de volumen del PIB ÷ población media de la CNA,Cálculo propio a partir de dos series oficiales; no es una serie publicada por el INE.,False
economia,Renta nacional disponible neta per cápita (nominal),2018,2024,21854.671946912127,27278.03590068977,€,num,0,24.815581615462847,5423.3639537776435,False,"INE, Contabilidad Nacional Anual, Revisión Estadística 2024 · Renta nacional disponible",,False
economia,Remuneración de los asalariados,2018,2024,553097.0,768983.0,millones €,num,0,39.032213156101015,215886.0,False,"INE, Contabilidad Nacional Anual, Revisión Estadística 2024 · Renta nacional disponible",,False
economia,Puestos de trabajo totales,2018,2024,20571400.0,22582900.0,puestos,num,0,9.778138580748031,2011500.0,False,"INE, Contabilidad Nacional Anual, Revisión Estadística 2024 · Empleo total por rama","Puestos de trabajo, no personas.",False
economia,Horas efectivamente trabajadas,2018,2024,33765616400.0,36159400200.0,horas,num,0,7.089412411852192,2393783800.0,False,"INE, Contabilidad Nacional Anual, Revisión Estadística 2024 · Horas trabajadas por rama",,False
economia,"Productividad por hora trabajada (índice derivado, 2018 = 100)",2018,2024,100.0,101.9993473830793,índice,num,1,1.9993473830792974,1.9993473830792965,False,Derivado: índice de volumen del PIB ÷ horas trabajadas (CNA RE2024),,False
economia,Población media usada por la Contabilidad Nacional (1 de julio),2018,2024,46715000.0,48857000.0,personas,num,0,4.58525099004603,2142000.0,False,"INE, Contabilidad Nacional Anual, Revisión Estadística 2024",,False
laboral,Tasa de paro,2018,2025,15.255,10.5075,%,num,2,-31.12094395280236,-4.7475000000000005,True,"INE, Encuesta de Población Activa · media de los cuatro trimestres · tabla 65349",,True
laboral,Tasa de empleo (ocupados sobre población de 16 y más años),2018,2025,49.7,52.7675,%,num,2,6.172032193158938,3.0674999999999955,True,"INE, Encuesta de Población Activa · media de los cuatro trimestres · tabla 65349",,False
laboral,Tasa de actividad,2018,2025,58.65,58.96,%,num,2,0.5285592497868752,0.3100000000000023,True,"INE, Encuesta de Población Activa · media de los cuatro trimestres · tabla 65349",,False
laboral,Tasa de paro · población de nacionalidad española,2018,2025,14.3225,9.5275,%,num,2,-33.478792110315936,-4.795,True,"INE, Encuesta de Población Activa · media de los cuatro trimestres · tabla 65336","Nacionalidad, no país de nacimiento.",True
laboral,Tasa de paro · población de nacionalidad extranjera,2018,2025,21.9025,15.435,%,num,2,-29.528592626412507,-6.467499999999999,True,"INE, Encuesta de Población Activa · media de los cuatro trimestres · tabla 65336","Nacionalidad, no país de nacimiento.",True
laboral,Tasa de actividad · población de nacionalidad extranjera,2018,2025,71.67,69.115,%,num,2,-3.564950467420125,-2.555000000000007,True,"INE, Encuesta de Población Activa · media de los cuatro trimestres · tabla 65300","Nacionalidad, no país de nacimiento.",False
laboral,Puestos de trabajo vacantes (media trimestral),2018,2025,96998.25,152759.5,vacantes,num,0,57.486861876374064,55761.25,False,"INE, Encuesta Trimestral de Coste Laboral · tabla 6064",Vacantes declaradas por las empresas; no mide por sí sola la facilidad individual de encontrar empleo.,False
laboral,Población inactiva total,2018,2025,16079925.0,17282400.0,personas,num,0,7.478113237468453,1202475.0,False,"INE, Encuesta de Población Activa · media de los cuatro trimestres · tabla 65343","La inactividad de la EPA incluye jubilados, estudiantes, labores del hogar e incapacidad. No mide dependencia de prestaciones ni rechazo a trabajar.",False
laboral,Inactivos: jubilados,2018,2025,6290150.0,7352900.0,personas,num,0,16.89546354220488,1062750.0,False,"INE, Encuesta de Población Activa · media de los cuatro trimestres · tabla 65343",,False
laboral,Inactivos: estudiantes,2018,2025,2694475.0,3491400.0,personas,num,0,29.57626253722896,796925.0,False,"INE, Encuesta de Población Activa · media de los cuatro trimestres · tabla 65343",,False
laboral,Inactivos: labores del hogar,2018,2025,3713700.0,3356650.0,personas,num,0,-9.614400732423189,-357050.0,False,"INE, Encuesta de Población Activa · media de los cuatro trimestres · tabla 65343",,False
precios,"IPC general (media anual, base 2021 = 100)",2018,2025,96.63783333333332,118.4155,índice,num,2,22.535342438348003,21.777666666666676,False,"INE, Índice de Precios de Consumo · tabla 50902 · media anual de los 12 meses",,True
precios,Euros de 2025 necesarios para comprar lo que 1.000 € compraban en 2018,2018,2025,1000.0,1225.3534243834802,€,num,0,22.535342438348003,225.35342438348016,False,"INE, Índice de Precios de Consumo · tabla 50902 · media anual de los 12 meses",,True
precios,"Lo que 1.000 € compran hoy, medido en euros de 2018",2018,2025,1000.0,816.0910804188077,€ de 2018,num,0,-18.390891958119237,-183.90891958119232,False,"INE, Índice de Precios de Consumo · tabla 50902 · media anual de los 12 meses",,False
precios,Precios de alimentos y bebidas no alcohólicas (índice),2018,2025,94.94566666666668,132.2576666666667,índice,num,2,39.298265323676354,37.31200000000001,False,"INE, Índice de Precios de Consumo · tabla 50902 · media anual de los 12 meses · grupos ECOICOP",,True
precios,"Precios de vivienda, agua, electricidad y gas (índice)",2018,2025,94.66466666666668,113.08858333333336,índice,num,2,19.462294978062932,18.423916666666685,False,"INE, Índice de Precios de Consumo · tabla 50902 · media anual de los 12 meses · grupos ECOICOP",,True
precios,Precios del transporte (índice),2018,2025,95.77075,113.08333333333331,índice,num,2,18.077109486281874,17.312583333333308,False,"INE, Índice de Precios de Consumo · tabla 50902 · media anual de los 12 meses · grupos ECOICOP",,True
precios,Precios de restaurantes y hoteles (índice),2018,2025,96.1465,124.30916666666668,índice,num,2,29.29141119714882,28.16266666666668,False,"INE, Índice de Precios de Consumo · tabla 50902 · media anual de los 12 meses · grupos ECOICOP",,True
precios,Precios de sanidad (índice),2018,2025,98.15733333333333,107.24241666666668,índice,num,2,9.255633812382857,9.085083333333358,False,"INE, Índice de Precios de Consumo · tabla 50902 · media anual de los 12 meses · grupos ECOICOP",,True
precios,Precios de vestido y calzado (índice),2018,2025,97.11541666666666,106.322,índice,num,2,9.480043075893384,9.206583333333342,False,"INE, Índice de Precios de Consumo · tabla 50902 · media anual de los 12 meses · grupos ECOICOP",,True
rentas,Salario bruto medio anual (nominal),2018,2024,24009.12,29540.26,€,num,0,23.03766235497178,5531.139999999999,False,"INE, Encuesta Anual de Estructura Salarial · tabla 28200 · ambos sexos, todos los contratos",,False
rentas,Salario bruto medio anual en euros constantes de 2018,2018,2024,24009.119999999995,24751.953350881617,€ de 2018,num,0,3.0939632559694896,742.8333508816213,False,Derivado: tabla 28200 deflactada con la media anual del IPC general (tabla 50902),,False
rentas,"Salario mensual del decil 1 (hombres), euros constantes de 2018",2018,2024,507.2,594.5779115615636,€ de 2018,num,0,17.22750622270577,87.37791156156362,False,Derivado: INE tabla 10910 (decil de salarios) deflactada con el IPC,La tabla descargada solo publica el desglose por sexo; no existe una serie 'ambos sexos'.,False
rentas,"Salario mensual del decil 10 (hombres), euros constantes de 2018",2018,2024,4889.3,4834.63231668414,€ de 2018,num,0,-1.1181085905111132,-54.667683315859904,False,Derivado: INE tabla 10910 deflactada con el IPC,,False
rentas,"Salario mensual del decil 1 (mujeres), euros constantes de 2018",2018,2024,470.7,595.2482361518247,€ de 2018,num,0,26.46021588099101,124.54823615182471,False,Derivado: INE tabla 10910 deflactada con el IPC,,False
rentas,"Salario mensual del decil 10 (mujeres), euros constantes de 2018",2018,2024,4637.7,4768.186391674512,€ de 2018,num,0,2.8136013902260393,130.48639167451256,False,Derivado: INE tabla 10910 deflactada con el IPC,,False
rentas,Renta neta media por persona (nominal),2018,2024,11680.0,15620.0,€,num,0,33.73287671232876,3940.0,False,"INE, Encuesta de Condiciones de Vida · tabla 9947 · encuestas 2019 y 2025",Etiquetada por AÑO DE RENTA: la ECV pregunta por los ingresos del año anterior a la entrevista.,False
rentas,Renta neta media por persona en euros constantes de 2018,2018,2024,11680.0,13088.08762484727,€ de 2018,num,0,12.055544733281431,1408.0876248472705,False,Derivado: INE tabla 9947 deflactada con el IPC del año de renta,,False
rentas,Renta media por unidad de consumo en euros constantes de 2018,2018,2024,17287.0,19224.071342949486,€ de 2018,num,0,11.20536439491806,1937.0713429494863,False,Derivado: INE tabla 9947 deflactada con el IPC del año de renta,La unidad de consumo corrige por tamaño y composición del hogar.,False
rentas,Tasa de riesgo de pobreza o exclusión social (AROPE),2018,2025,27.3,25.7,%,num,1,-5.860805860805862,-1.6000000000000014,True,"INE, ECV · tabla 74860 · definición Europa 2030, etiquetado por año de encuesta",,True
rentas,AROPE en hogares de un adulto con hijos dependientes,2018,2025,51.1,50.6,%,num,1,-0.9784735812133127,-0.5,True,"INE, ECV · tabla 74860",,True
vivienda,"Índice de precios de la vivienda (media anual, base 2015 = 100)",2018,2025,118.595,179.905,índice,num,1,51.6969518107846,61.31,False,"INE, Índice de Precios de Vivienda · tabla 25173","Es un índice de precios, no un precio en euros por metro cuadrado.",True
vivienda,Precio real de la vivienda descontada la inflación (2018 = 100),2018,2025,100.0,123.79852929950302,índice,num,1,23.798529299503013,23.798529299503016,False,Derivado: IPV (tabla 25173) deflactado con el IPC general (tabla 50902),,True
vivienda,Hipotecas constituidas sobre viviendas (año completo),2018,2025,348326.0,500883.0,hipotecas,num,0,43.79718998868876,152557.0,False,"INE, Estadística de Hipotecas · tabla 76317 · suma de los 12 meses",,False
vivienda,Importe medio de la hipoteca sobre vivienda (nominal),2018,2025,124265.43525318235,163940.2614981942,€,num,0,31.927483426245672,39674.826245011835,False,INE · tabla 76317,,False
vivienda,Importe medio de la hipoteca en euros constantes de 2018,2018,2025,124265.43525318235,133790.18513020314,€ de 2018,num,0,7.66484248625916,9524.74987702079,False,Derivado: tabla 76317 deflactada con el IPC,,False
vivienda,Plazo medio de las nuevas hipotecas sobre vivienda,2018,2025,23.916666666666668,25.083333333333332,años,num,1,4.878048780487787,1.1666666666666643,False,"INE, Estadística de Hipotecas · tabla 24458 · media de los 12 meses",,False
crimen,"Infracciones penales conocidas (hechos, no personas)",2018,2024,2131118.0,2454206.0,hechos,num,0,15.160493224683002,323088.0,False,"Ministerio del Interior, Portal Estadístico de Criminalidad · años naturales completos · tabla 01001",,True
crimen,Infracciones penales conocidas por 100.000 habitantes,2018,2024,4568.795802000082,5047.760994798507,por 100.000 hab.,num,0,10.48340117517943,478.96519279842505,False,Derivado: tabla 01001 ÷ población a 1 de enero (INE tabla 56942),,True
crimen,Infracciones penales conocidas excluidas las estafas informáticas,2018,2024,1994462.0,2041356.0,hechos,num,0,2.351210501879697,46894.0,False,Derivado: tabla 01001 (total menos epígrafe 5.5.1),,True
crimen,"Infracciones penales conocidas excluidas las estafas informáticas, por 100.000 hab.",2018,2024,4275.8259340161785,4198.619510056573,por 100.000 hab.,num,0,-1.8056493681230745,-77.20642395960567,False,Derivado: tabla 01001 ÷ población (INE tabla 56942),,True
crimen,Estafas informáticas (ciberestafa),2018,2024,136656.0,412850.0,hechos,num,0,202.10894508839715,276194.0,False,"Ministerio del Interior, Portal Estadístico de Criminalidad · años naturales completos · tabla 01001",,True
crimen,Hurtos,2018,2024,706072.0,648963.0,hechos,num,0,-8.088268618497828,-57109.0,False,"Ministerio del Interior, Portal Estadístico de Criminalidad · años naturales completos · tabla 01001",,True
crimen,Robos con fuerza en viviendas,2018,2024,107166.0,81094.0,hechos,num,0,-24.328611686542377,-26072.0,False,"Ministerio del Interior, Portal Estadístico de Criminalidad · años naturales completos · tabla 01001",,True
crimen,Robos con violencia o intimidación,2018,2024,60295.0,62976.0,hechos,num,0,4.446471515050998,2681.0,False,"Ministerio del Interior, Portal Estadístico de Criminalidad · años naturales completos · tabla 01001",,True
crimen,Homicidios dolosos y asesinatos consumados,2018,2024,289.0,349.0,hechos,num,0,20.761245674740493,60.0,False,"Ministerio del Interior, Portal Estadístico de Criminalidad · años naturales completos · tabla 01001",,True
crimen,Malos tratos en el ámbito familiar,2018,2024,72309.0,104625.0,hechos,num,0,44.69153217441813,32316.0,False,"Ministerio del Interior, Portal Estadístico de Criminalidad · años naturales completos · tabla 01001",,True
crimen,Delitos contra la libertad sexual,2018,2024,13782.0,22846.0,hechos,num,0,65.76694238862284,9064.0,False,"Ministerio del Interior, Portal Estadístico de Criminalidad · años naturales completos · tabla 01001","La LO 10/2022 reordenó los tipos penales sexuales; parte de la variación es reclasificación, no necesariamente más hechos.",True
crimen,Agresión sexual con penetración,2018,2024,2744.0,5222.0,hechos,num,0,90.3061224489796,2478.0,False,"Ministerio del Interior, Portal Estadístico de Criminalidad · años naturales completos · tabla 01001","La LO 10/2022 reordenó los tipos penales sexuales; parte de la variación es reclasificación, no necesariamente más hechos.",True
crimen,Tráfico de drogas,2018,2024,14133.0,21540.0,hechos,num,0,52.4092549352579,7407.0,False,"Ministerio del Interior, Portal Estadístico de Criminalidad · años naturales completos · tabla 01001",,True
crimen,Falsedades documentales,2018,2024,22399.0,45715.0,hechos,num,0,104.09393276485557,23316.0,False,"Ministerio del Interior, Portal Estadístico de Criminalidad · años naturales completos · tabla 01001",,True
crimen,Hechos esclarecidos,2018,2024,673594.0,888405.0,hechos,num,0,31.890278120054518,214811.0,False,"Ministerio del Interior, Portal Estadístico de Criminalidad · años naturales completos · tabla 02001",Un hecho esclarecido no es una condena ni una persona.,False
crimen,Tasa de esclarecimiento,2018,2024,31.607541206071176,36.1992840046842,%,num,1,14.527364747154214,4.591742798613026,True,Derivado: tabla 02001 ÷ tabla 01001,,False
crimen_nac,Detenidos e investigados (total),2018,2024,394824.0,577107.0,actuaciones,num,0,46.16816606893197,182283.0,False,"Ministerio del Interior, Portal Estadístico de Criminalidad · años naturales completos · tabla 03001",Actuaciones policiales sobre personas; una misma persona puede figurar más de una vez. No son condenas.,True
crimen_nac,Detenidos e investigados de nacionalidad española (por diferencia),2018,2024,295325.0,359730.0,actuaciones,num,0,21.808177431643095,64405.0,False,Derivado: tabla 03001 menos tabla 03005 (universo extranjeros),Incluye a las personas nacidas fuera que han adquirido la nacionalidad española.,True
crimen_nac,Detenidos e investigados de nacionalidad extranjera,2018,2024,99499.0,217377.0,actuaciones,num,0,118.4715424275621,117878.0,False,"Ministerio del Interior, Portal Estadístico de Criminalidad · años naturales completos · tablas 03005 y 03007","Nacionalidad declarada, no país de nacimiento.",True
crimen_nac,Peso de los extranjeros en el total de detenidos e investigados,2018,2024,25.20084898587725,37.666671865009434,%,num,1,49.46588460618182,12.465822879132183,True,Derivado: tabla 03005 ÷ tabla 03001,,True
crimen_nac,Peso de la población extranjera sobre la población total,2018,2024,9.813088500027977,13.373761394430796,%,num,1,36.28493612783241,3.5606728944028188,True,INE · tabla 56942,,False
crimen_nac,Detenidos e investigados españoles por 100.000 residentes españoles,2018,2024,702.0223663981253,854.1122884256923,por 100.000,num,0,21.6645408048602,152.089922027567,False,Derivado: tablas 03001/03005 ÷ población española (INE 56942),,True
crimen_nac,Detenidos e investigados extranjeros por 100.000 residentes extranjeros,2018,2024,2173.738268795597,3343.0878574629646,por 100.000,num,0,53.79440595280449,1169.3495886673677,False,Derivado: tabla 03005 ÷ población extranjera (INE 56942),"El denominador puede infravalorar a los residentes sin registro, lo que inflaría la tasa.",True
crimen_nac,Cociente entre ambas tasas (extranjera ÷ española),2018,2024,3.0963946062693446,3.914108136325934,veces,num,2,26.408569773405,0.8177135300565892,False,"Derivado: tasa extranjera ÷ tasa española (tablas 03001, 03005 e INE 56942)","Diferencia bruta: no está corregida por edad, sexo, territorio ni situación socioeconómica.",True
crimen_nac,Personas condenadas por sentencia firme (total),2018,2025,286637.0,306237.0,personas,num,0,6.837916947218958,19600.0,False,"INE, Estadística de Condenados · tabla 25645",,True
crimen_nac,Personas condenadas de nacionalidad española,2018,2025,218695.0,214875.0,personas,num,0,-1.7467248908296984,-3820.0,False,INE · tabla 25645,,True
crimen_nac,Personas condenadas de nacionalidad extranjera,2018,2025,67942.0,91362.0,personas,num,0,34.47057784580967,23420.0,False,INE · tabla 25645,,True
crimen_nac,Condenados españoles por 100.000 residentes españoles,2018,2025,519.8638158619758,508.9855521771364,por 100.000,num,0,-2.0925218014649416,-10.878263684839396,False,Derivado: tabla 25645 ÷ población española (INE 56942),,True
crimen_nac,Condenados extranjeros por 100.000 residentes extranjeros,2018,2025,1484.3176861929312,1321.7937401647084,por 100.000,num,0,-10.949404399072693,-162.52394602822278,False,Derivado: tabla 25645 ÷ población extranjera (INE 56942),,True
crimen_nac,"Delitos sexuales de personas condenadas (infracciones, no personas)",2018,2025,408.0,841.0,infracciones,num,0,106.12745098039214,433.0,False,"INE, Estadística de Condenados · tabla 28752",Cuenta infracciones asociadas a condenas firmes; el año de condena no es el de comisión.,True
crimen_nac,Detenidos e investigados menores de 14 a 17 años,2018,2024,18670.0,23622.0,actuaciones,num,0,26.52383502945903,4952.0,False,"Ministerio del Interior, Portal Estadístico de Criminalidad · años naturales completos · tablas 03003 y 03009",,True
publico,Ingresos totales de las administraciones públicas,2018,2024,472250.0,673734.0,millones €,num,0,42.66469031233457,201484.0,False,"Eurostat, cuentas de las administraciones públicas (SEC 2010) · los mismos datos que la IGAE notifica a la UE · gov_10a_main",,False
publico,Ingresos públicos sobre el PIB (presión fiscal en sentido amplio),2018,2024,39.0,42.3,%,num,1,8.461538461538453,3.299999999999997,True,"Eurostat, cuentas de las administraciones públicas (SEC 2010) · los mismos datos que la IGAE notifica a la UE · gov_10a_main","Media de la UE-27 en 2024: 46,0 %, frente a 39,0 % en 2018. España recauda menos que la media europea pero es de las que más ha subido.",False
publico,Ingresos públicos reales por habitante (euros de 2018),2018,2024,10124.328251624447,11611.047423655877,€ de 2018,num,0,14.68462040227594,1486.7191720314295,False,Derivado: gov_10a_main deflactado con el IPC (INE 50902) y dividido por la población (INE 56942),,False
publico,Impuestos sobre la renta y el patrimonio recaudados,2018,2024,127284.0,198711.0,millones €,num,0,56.116243989818045,71427.0,False,"Eurostat, cuentas de las administraciones públicas (SEC 2010) · los mismos datos que la IGAE notifica a la UE · partida D5 (recursos)","Es la partida que más crece. Pasa del 10,5 % al 12,5 % del PIB.",False
publico,Cotizaciones sociales recaudadas,2018,2024,149450.0,210337.0,millones €,num,0,40.74071595851456,60887.0,False,"Eurostat, cuentas de las administraciones públicas (SEC 2010) · los mismos datos que la IGAE notifica a la UE · partida D61 (recursos)",,False
publico,Impuestos sobre la producción y las importaciones,2018,2024,141184.0,176937.0,millones €,num,0,25.323691069809605,35753.0,False,"Eurostat, cuentas de las administraciones públicas (SEC 2010) · los mismos datos que la IGAE notifica a la UE · partida D2 (recursos)","IVA e impuestos especiales, principalmente. Pierde peso: del 11,6 % al 11,1 % del PIB.",False
publico,Gasto público total,2018,2024,503193.0,725001.0,millones €,num,0,44.080104452963376,221808.0,False,"Eurostat, cuentas de las administraciones públicas (SEC 2010) · los mismos datos que la IGAE notifica a la UE · gov_10a_exp",,False
publico,Gasto público total sobre el PIB,2018,2024,41.5,45.5,%,num,1,9.63855421686748,4.0,True,"Eurostat, cuentas de las administraciones públicas (SEC 2010) · los mismos datos que la IGAE notifica a la UE · gov_10a_exp",,False
publico,Déficit público (capacidad o necesidad de financiación),2018,2024,-2.6,-3.2,%,num,1,23.076923076923084,-0.6000000000000001,True,"Eurostat, cuentas de las administraciones públicas (SEC 2010) · los mismos datos que la IGAE notifica a la UE · gov_10a_main",Negativo significa déficit. El Estado gastó cada año más de lo que ingresó durante todo el periodo.,False
publico,Deuda pública,2018,2024,1209741.8,1620573.4,millones €,num,0,33.96027152240253,410831.59999999986,False,"Eurostat, cuentas de las administraciones públicas (SEC 2010) · los mismos datos que la IGAE notifica a la UE · gov_10dd_edpt1 (Protocolo de Déficit Excesivo)",,False
publico,Deuda pública sobre el PIB,2018,2024,99.8,101.6,%,num,1,1.8036072144288484,1.7999999999999972,True,"Eurostat, cuentas de las administraciones públicas (SEC 2010) · los mismos datos que la IGAE notifica a la UE · gov_10dd_edpt1","En euros la deuda crece un tercio, pero sobre el PIB apenas se mueve porque el PIB nominal creció mucho por la inflación.",False
publico,Gasto en protección social,2018,2024,203470.0,297532.0,millones €,num,0,46.22892809750822,94062.0,False,"Eurostat, cuentas de las administraciones públicas (SEC 2010) · los mismos datos que la IGAE notifica a la UE · clasificación funcional COFOG, función 10","Incluye pensiones, incapacidad, viudedad, desempleo, familia, vivienda social y exclusión social. No es solo «ayudas».",False
publico,Gasto en protección social real por habitante (euros de 2018),2018,2024,4362.090141573376,5127.629245451736,€ de 2018,num,0,17.549823113060082,765.53910387836,False,Derivado: COFOG función 10 deflactada con el IPC y dividida por la población,,False
publico,Gasto en sanidad,2018,2024,72146.0,102942.0,millones €,num,0,42.6856651789427,30796.0,False,"Eurostat, cuentas de las administraciones públicas (SEC 2010) · los mismos datos que la IGAE notifica a la UE · COFOG función 7",,False
publico,Gasto en sanidad real por habitante (euros de 2018),2018,2024,1546.701505646792,1774.0895425879994,€ de 2018,num,0,14.701481579415642,227.38803694120747,False,Derivado: COFOG función 7 deflactada con el IPC y dividida por la población,,False
publico,Gasto en educación,2018,2024,47764.0,65862.0,millones €,num,0,37.89046143539068,18098.0,False,"Eurostat, cuentas de las administraciones públicas (SEC 2010) · los mismos datos que la IGAE notifica a la UE · COFOG función 9",,False
publico,Gasto en educación real por habitante (euros de 2018),2018,2024,1023.9881728122608,1135.057463949902,€ de 2018,num,0,10.846735742328239,111.06929113764124,False,Derivado: COFOG función 9 deflactada con el IPC y dividida por la población,,False
publico,Gasto en pensiones de jubilación (vejez),2018,2024,112641.0,165050.0,millones €,num,0,46.52746335703697,52409.0,False,"Eurostat, cuentas de las administraciones públicas (SEC 2010) · los mismos datos que la IGAE notifica a la UE · COFOG 10.2","Es el 55,5 % de todo el gasto en protección social y explica por sí solo más de la mitad de su aumento.",False
publico,Gasto en prestaciones por desempleo,2018,2024,18647.0,24077.0,millones €,num,0,29.11996567812516,5430.0,False,"Eurostat, cuentas de las administraciones públicas (SEC 2010) · los mismos datos que la IGAE notifica a la UE · COFOG 10.5",,False
publico,Gasto en familia e hijos,2018,2024,9981.0,15294.0,millones €,num,0,53.231139164412376,5313.0,False,"Eurostat, cuentas de las administraciones públicas (SEC 2010) · los mismos datos que la IGAE notifica a la UE · COFOG 10.4",,False
publico,Gasto en exclusión social (partida donde se registra el Ingreso Mínimo Vital),2018,2024,4079.0,10878.0,millones €,num,0,166.6830105417995,6799.0,False,"Eurostat, cuentas de las administraciones públicas (SEC 2010) · los mismos datos que la IGAE notifica a la UE · COFOG 10.7","Es la partida que más crece en términos relativos, pero sigue siendo el 3,7 % del gasto en protección social.",False
publico,Gasto en orden público y seguridad,2018,2024,21542.0,28628.0,millones €,num,0,32.89388171943182,7086.0,False,"Eurostat, cuentas de las administraciones públicas (SEC 2010) · los mismos datos que la IGAE notifica a la UE · COFOG función 3",,False
servicios,Pacientes en espera para intervención quirúrgica,2018,2025,668288.0,853509.0,pacientes,num,0,27.715745307412366,185221.0,False,"Ministerio de Sanidad, Sistema de Información sobre Listas de Espera del SNS · corte a 31 de diciembre · 17 CCAA e INGESA",Espera estructural. La fuente original es PDF; la conversión a CSV es propia y reproducible con scripts/13_listas_espera.py.,False
servicios,Pacientes en espera quirúrgica por 1.000 habitantes,2018,2025,14.78,17.69,por 1.000 hab.,num,2,19.688768606224638,2.910000000000002,False,"Ministerio de Sanidad, Sistema de Información sobre Listas de Espera del SNS · corte a 31 de diciembre · 17 CCAA e INGESA",Corrige por el crecimiento de la población: es la medida comparable en el tiempo.,False
servicios,Tiempo medio de espera para intervención quirúrgica,2018,2025,129.0,121.0,días,num,0,-6.2015503875969,-8.0,False,"Ministerio de Sanidad, Sistema de Información sobre Listas de Espera del SNS · corte a 31 de diciembre · 17 CCAA e INGESA",,False
servicios,Pacientes que esperan más de 6 meses para operarse,2018,2025,20.0,21.6,%,num,1,8.000000000000007,1.6000000000000014,True,"Ministerio de Sanidad, Sistema de Información sobre Listas de Espera del SNS · corte a 31 de diciembre · 17 CCAA e INGESA",,False
servicios,"Pacientes en espera de primera consulta con especialista, por 1.000 habitantes",2018,2025,62.48,84.42,por 1.000 hab.,num,2,35.11523687580027,21.940000000000005,False,"Ministerio de Sanidad, Sistema de Información sobre Listas de Espera del SNS · corte a 31 de diciembre · 17 CCAA e INGESA","El SISLE no publica el número absoluto de pacientes en consultas externas, solo la tasa.",False
servicios,Tiempo medio de espera para primera consulta con especialista,2018,2025,96.0,102.0,días,num,0,6.25,6.0,False,"Ministerio de Sanidad, Sistema de Información sobre Listas de Espera del SNS · corte a 31 de diciembre · 17 CCAA e INGESA",,False
servicios,Pacientes que esperan más de 60 días para una primera consulta,2018,2025,43.8,61.5,%,num,1,40.41095890410959,17.700000000000003,True,"Ministerio de Sanidad, Sistema de Información sobre Listas de Espera del SNS · corte a 31 de diciembre · 17 CCAA e INGESA",,False
